{
  "hash": "4fdb828a",
  "configHash": "59bd822f",
  "lockfileHash": "e3b0c442",
  "browserHash": "d374d5fa",
  "optimized": {
    "@angular/core": {
      "src": "../../../../../../17.3/node_modules/@angular/core/fesm2022/core.mjs",
      "file": "@angular_core.js",
      "fileHash": "9f6ee5c4",
      "needsInterop": false
    },
    "@angular/platform-browser": {
      "src": "../../../../../../17.3/node_modules/@angular/platform-browser/fesm2022/platform-browser.mjs",
      "file": "@angular_platform-browser.js",
      "fileHash": "9837c02f",
      "needsInterop": false
    },
    "@angular/router": {
      "src": "../../../../../../17.3/node_modules/@angular/router/fesm2022/router.mjs",
      "file": "@angular_router.js",
      "fileHash": "1f34f9eb",
      "needsInterop": false
    },
    "@angular/forms": {
      "src": "../../../../../../17.3/node_modules/@angular/forms/fesm2022/forms.mjs",
      "file": "@angular_forms.js",
      "fileHash": "8ec231a0",
      "needsInterop": false
    },
    "@angular/common/http": {
      "src": "../../../../../../17.3/node_modules/@angular/common/fesm2022/http.mjs",
      "file": "@angular_common_http.js",
      "fileHash": "7cbf4f7b",
      "needsInterop": false
    },
    "@angular/common": {
      "src": "../../../../../../17.3/node_modules/@angular/common/fesm2022/common.mjs",
      "file": "@angular_common.js",
      "fileHash": "ba74ad5e",
      "needsInterop": false
    }
  },
  "chunks": {
    "chunk-KC4GRBFF": {
      "file": "chunk-KC4GRBFF.js"
    },
    "chunk-OOIUCU5A": {
      "file": "chunk-OOIUCU5A.js"
    },
    "chunk-2URMT2A3": {
      "file": "chunk-2URMT2A3.js"
    },
    "chunk-SPNHC3AD": {
      "file": "chunk-SPNHC3AD.js"
    }
  }
}